{"minzoom":0,"maxzoom":8,"center":[-87.890625,52.906827,8.0],"bounds":[-141.00198,41.676561,-52.619463,83.110626]}