{"minzoom":0,"maxzoom":9,"center":[-65.742188,43.833988,9.0],"bounds":[-141.00198,41.676561,-52.619463,83.110626]}